num.trans.involved.in,sample,peak
11,Sample_data[, -1],203.107783
3,Sample_data[, -1],204.0533922
20,Sample_data[, -1],205.0142724
45,Sample_data[, -1],205.0506543
60,Sample_data[, -1],205.0870357
11,Sample_data[, -1],205.1234302
12,Sample_data[, -1],205.1598138
62,Sample_data[, -1],207.0299118
45,Sample_data[, -1],207.0663043
29,Sample_data[, -1],207.1026919
28,Sample_data[, -1],209.0455722
41,Sample_data[, -1],209.0819552
44,Sample_data[, -1],210.0533832
5,Sample_data[, -1],210.0715882
28,Sample_data[, -1],211.0248334
48,Sample_data[, -1],211.061218
4,Sample_data[, -1],211.0794132
60,Sample_data[, -1],211.0975987
40,Sample_data[, -1],212.0690329
2,Sample_data[, -1],212.0750953
58,Sample_data[, -1],215.0713839
67,Sample_data[, -1],217.0506448
4,Sample_data[, -1],217.0612148
6,Sample_data[, -1],217.0793987
68,Sample_data[, -1],217.0870317
46,Sample_data[, -1],217.1234208
13,Sample_data[, -1],218.0690311
1,Sample_data[, -1],218.0872353
58,Sample_data[, -1],219.0299139
3,Sample_data[, -1],219.0586719
90,Sample_data[, -1],219.0662973
11,Sample_data[, -1],219.076857
82,Sample_data[, -1],219.10268
7,Sample_data[, -1],220.0482982
7,Sample_data[, -1],220.0664915
9,Sample_data[, -1],220.1468992
43,Sample_data[, -1],221.0091797
78,Sample_data[, -1],221.0455643
88,Sample_data[, -1],221.0819481
57,Sample_data[, -1],221.118332
35,Sample_data[, -1],221.1547158
51,Sample_data[, -1],222.0533856
29,Sample_data[, -1],222.0897761
76,Sample_data[, -1],223.0248209
1,Sample_data[, -1],223.028371
123,Sample_data[, -1],223.061206
7,Sample_data[, -1],223.0794072
111,Sample_data[, -1],223.0975907
59,Sample_data[, -1],223.1339774
7,Sample_data[, -1],224.0508428
72,Sample_data[, -1],224.0690267
7,Sample_data[, -1],224.0872305
69,Sample_data[, -1],225.0404753
13,Sample_data[, -1],225.0586645
91,Sample_data[, -1],225.0768606
66,Sample_data[, -1],225.1132462
1,Sample_data[, -1],225.1608605
1,Sample_data[, -1],225.1618831
6,Sample_data[, -1],226.0664954
61,Sample_data[, -1],226.0846776
95,Sample_data[, -1],227.0561182
94,Sample_data[, -1],227.0925057
51,Sample_data[, -1],227.1077641
15,Sample_data[, -1],227.2016638
79,Sample_data[, -1],231.10268
79,Sample_data[, -1],233.0455606
9,Sample_data[, -1],233.0743103
104,Sample_data[, -1],233.0819435
84,Sample_data[, -1],233.1183251
108,Sample_data[, -1],235.0248168
146,Sample_data[, -1],235.0612003
115,Sample_data[, -1],235.097589
70,Sample_data[, -1],235.1339785
75,Sample_data[, -1],236.069028
47,Sample_data[, -1],236.1054202
66,Sample_data[, -1],237.0404768
128,Sample_data[, -1],237.0768559
4,Sample_data[, -1],237.0950531
110,Sample_data[, -1],237.1132363
50,Sample_data[, -1],238.0482981
17,Sample_data[, -1],238.0664785
56,Sample_data[, -1],238.0846832
17,Sample_data[, -1],238.1028631
62,Sample_data[, -1],239.0197352
91,Sample_data[, -1],239.056125
1,Sample_data[, -1],239.0596755
20,Sample_data[, -1],239.074305
106,Sample_data[, -1],239.092507
96,Sample_data[, -1],239.1288854
5,Sample_data[, -1],239.1401271
54,Sample_data[, -1],240.0275532
13,Sample_data[, -1],240.04575
70,Sample_data[, -1],240.0639354
11,Sample_data[, -1],240.0821386
60,Sample_data[, -1],240.1003251
54,Sample_data[, -1],241.0353881
104,Sample_data[, -1],241.0717705
104,Sample_data[, -1],241.1081506
5,Sample_data[, -1],241.2173175
88,Sample_data[, -1],243.0298993
106,Sample_data[, -1],243.0874124
79,Sample_data[, -1],243.1026763
83,Sample_data[, -1],245.0455568
115,Sample_data[, -1],245.0819331
16,Sample_data[, -1],245.0925022
91,Sample_data[, -1],245.1183162
16,Sample_data[, -1],246.0821244
109,Sample_data[, -1],247.0248127
136,Sample_data[, -1],247.0611968
94,Sample_data[, -1],247.0975925
86,Sample_data[, -1],247.1339762
111,Sample_data[, -1],249.0404704
121,Sample_data[, -1],249.0768559
132,Sample_data[, -1],249.113231
82,Sample_data[, -1],249.1496197
79,Sample_data[, -1],250.0846718
65,Sample_data[, -1],251.019738
157,Sample_data[, -1],251.0561116
153,Sample_data[, -1],251.0924991
79,Sample_data[, -1],251.1288935
53,Sample_data[, -1],252.0639478
19,Sample_data[, -1],252.0821271
69,Sample_data[, -1],252.1003197
117,Sample_data[, -1],253.0353745
112,Sample_data[, -1],253.0717716
22,Sample_data[, -1],253.0899511
130,Sample_data[, -1],253.1081515
82,Sample_data[, -1],253.14453
10,Sample_data[, -1],253.2173104
18,Sample_data[, -1],254.0613914
50,Sample_data[, -1],254.0795992
21,Sample_data[, -1],254.0977769
74,Sample_data[, -1],255.0298926
73,Sample_data[, -1],255.0510378
74,Sample_data[, -1],255.066287
15,Sample_data[, -1],255.0692175
124,Sample_data[, -1],255.0874095
107,Sample_data[, -1],255.1237984
7,Sample_data[, -1],255.2329542
50,Sample_data[, -1],257.030301
91,Sample_data[, -1],257.0455488
103,Sample_data[, -1],257.0666743
81,Sample_data[, -1],257.0819392
113,Sample_data[, -1],257.1030641
66,Sample_data[, -1],257.1183112
11,Sample_data[, -1],258.1003325
106,Sample_data[, -1],259.0248094
78,Sample_data[, -1],259.0612076
14,Sample_data[, -1],259.071767
90,Sample_data[, -1],259.0823252
18,Sample_data[, -1],259.0899467
111,Sample_data[, -1],259.0975789
16,Sample_data[, -1],259.1081485
84,Sample_data[, -1],259.1339694
53,Sample_data[, -1],260.0326417
10,Sample_data[, -1],260.0613858
17,Sample_data[, -1],260.0795826
8,Sample_data[, -1],260.0977877
14,Sample_data[, -1],260.1159654
70,Sample_data[, -1],261.0040709
136,Sample_data[, -1],261.0404633
18,Sample_data[, -1],261.0692163
144,Sample_data[, -1],261.0768514
12,Sample_data[, -1],261.0874194
127,Sample_data[, -1],261.1132266
1,Sample_data[, -1],261.1375367
66,Sample_data[, -1],261.149626
85,Sample_data[, -1],262.048281
9,Sample_data[, -1],262.0770494
70,Sample_data[, -1],262.0846806
17,Sample_data[, -1],262.0952384
1,Sample_data[, -1],262.1408947
98,Sample_data[, -1],263.0197248
155,Sample_data[, -1],263.0561104
129,Sample_data[, -1],263.092506
121,Sample_data[, -1],263.1288769
73,Sample_data[, -1],264.027543
70,Sample_data[, -1],264.0639462
83,Sample_data[, -1],264.1003173
89,Sample_data[, -1],265.035386
154,Sample_data[, -1],265.0717558
17,Sample_data[, -1],265.0899575
156,Sample_data[, -1],265.1081508
103,Sample_data[, -1],265.1445332
76,Sample_data[, -1],266.0431957
71,Sample_data[, -1],266.0795946
21,Sample_data[, -1],266.0977791
61,Sample_data[, -1],266.1159625
74,Sample_data[, -1],267.0146473
139,Sample_data[, -1],267.0510175
20,Sample_data[, -1],267.0692237
132,Sample_data[, -1],267.0874203
20,Sample_data[, -1],267.1055978
132,Sample_data[, -1],267.1237916
76,Sample_data[, -1],267.1601835
37,Sample_data[, -1],268.0224726
66,Sample_data[, -1],268.0588395
21,Sample_data[, -1],268.0770408
57,Sample_data[, -1],268.0952461
17,Sample_data[, -1],268.1134217
100,Sample_data[, -1],269.0302848
73,Sample_data[, -1],269.0455521
132,Sample_data[, -1],269.0666751
65,Sample_data[, -1],269.0819218
14,Sample_data[, -1],269.084858
133,Sample_data[, -1],269.1030638
89,Sample_data[, -1],269.1394393
68,Sample_data[, -1],270.0744983
83,Sample_data[, -1],271.0248035
93,Sample_data[, -1],271.0459363
76,Sample_data[, -1],271.061205
120,Sample_data[, -1],271.0823231
80,Sample_data[, -1],271.0975704
110,Sample_data[, -1],271.1187118
63,Sample_data[, -1],271.1339774
1,Sample_data[, -1],271.1663177
51,Sample_data[, -1],272.0326277
10,Sample_data[, -1],272.0795767
17,Sample_data[, -1],272.0977677
14,Sample_data[, -1],272.1159713
67,Sample_data[, -1],273.0040765
107,Sample_data[, -1],273.0404545
65,Sample_data[, -1],273.0615991
9,Sample_data[, -1],273.0692232
122,Sample_data[, -1],273.0768456
10,Sample_data[, -1],273.087401
88,Sample_data[, -1],273.0979652
20,Sample_data[, -1],273.1055935
103,Sample_data[, -1],273.113229
13,Sample_data[, -1],273.1238013
80,Sample_data[, -1],273.1496127
70,Sample_data[, -1],274.0482742
9,Sample_data[, -1],274.077049
86,Sample_data[, -1],274.0846762
16,Sample_data[, -1],274.0952302
15,Sample_data[, -1],274.1134144
102,Sample_data[, -1],275.0197232
140,Sample_data[, -1],275.0561047
17,Sample_data[, -1],275.0848615
150,Sample_data[, -1],275.0924971
18,Sample_data[, -1],275.1030636
15,Sample_data[, -1],275.1212468
100,Sample_data[, -1],275.1288745
71,Sample_data[, -1],275.1652715
63,Sample_data[, -1],276.0275412
87,Sample_data[, -1],276.063937
14,Sample_data[, -1],276.0745045
14,Sample_data[, -1],276.0926856
69,Sample_data[, -1],276.1003087
122,Sample_data[, -1],277.0353707
159,Sample_data[, -1],277.0717561
159,Sample_data[, -1],277.1081435
118,Sample_data[, -1],277.1445257
77,Sample_data[, -1],278.0432061
77,Sample_data[, -1],278.0795722
84,Sample_data[, -1],278.1159753
72,Sample_data[, -1],279.0146252
122,Sample_data[, -1],279.0510318
132,Sample_data[, -1],279.0873981
19,Sample_data[, -1],279.1056019
130,Sample_data[, -1],279.1238029
68,Sample_data[, -1],279.1601675
82,Sample_data[, -1],280.058857
76,Sample_data[, -1],280.0952215
19,Sample_data[, -1],280.1134204
66,Sample_data[, -1],280.1316264
112,Sample_data[, -1],281.0302863
142,Sample_data[, -1],281.0666674
21,Sample_data[, -1],281.084871
165,Sample_data[, -1],281.1030584
111,Sample_data[, -1],281.1394384
8,Sample_data[, -1],281.2486008
63,Sample_data[, -1],282.0381144
73,Sample_data[, -1],282.0744886
15,Sample_data[, -1],282.092682
73,Sample_data[, -1],282.1108844
52,Sample_data[, -1],283.0248164
110,Sample_data[, -1],283.0459304
63,Sample_data[, -1],283.0611803
145,Sample_data[, -1],283.0823228
57,Sample_data[, -1],283.097589
20,Sample_data[, -1],283.1005223
124,Sample_data[, -1],283.118703
49,Sample_data[, -1],283.1339501
94,Sample_data[, -1],283.155092
5,Sample_data[, -1],283.2642517
86,Sample_data[, -1],284.0901516
70,Sample_data[, -1],285.0251915
76,Sample_data[, -1],285.040446
121,Sample_data[, -1],285.0615863
84,Sample_data[, -1],285.0768518
120,Sample_data[, -1],285.0979674
72,Sample_data[, -1],285.1132159
93,Sample_data[, -1],285.1343528
63,Sample_data[, -1],285.1496203
3,Sample_data[, -1],285.1819659
55,Sample_data[, -1],286.0482681
17,Sample_data[, -1],286.095238
71,Sample_data[, -1],287.0197305
76,Sample_data[, -1],287.0408475
101,Sample_data[, -1],287.0560946
87,Sample_data[, -1],287.0772295
17,Sample_data[, -1],287.0848632
113,Sample_data[, -1],287.0924998
16,Sample_data[, -1],287.1030665
94,Sample_data[, -1],287.1136258
18,Sample_data[, -1],287.1212447
84,Sample_data[, -1],287.128869
67,Sample_data[, -1],287.1652642
61,Sample_data[, -1],288.0275416
87,Sample_data[, -1],288.0639334
5,Sample_data[, -1],288.0926716
64,Sample_data[, -1],288.100306
13,Sample_data[, -1],288.110877
101,Sample_data[, -1],289.0353592
140,Sample_data[, -1],289.0717588
11,Sample_data[, -1],289.0823343
19,Sample_data[, -1],289.1005162
133,Sample_data[, -1],289.1081383
6,Sample_data[, -1],289.1186922
96,Sample_data[, -1],289.1445196
79,Sample_data[, -1],290.0431957
104,Sample_data[, -1],290.0795762
2,Sample_data[, -1],290.09013
8,Sample_data[, -1],290.1083261
68,Sample_data[, -1],290.115959
80,Sample_data[, -1],291.0146298
143,Sample_data[, -1],291.0510251
115,Sample_data[, -1],291.0873939
133,Sample_data[, -1],291.1238019
67,Sample_data[, -1],291.1601627
54,Sample_data[, -1],292.0224676
70,Sample_data[, -1],292.0588332
97,Sample_data[, -1],292.0952331
57,Sample_data[, -1],292.119049
68,Sample_data[, -1],292.1316147
109,Sample_data[, -1],293.0302914
110,Sample_data[, -1],293.0666564
180,Sample_data[, -1],293.1030604
13,Sample_data[, -1],293.1212563
108,Sample_data[, -1],293.1394336
68,Sample_data[, -1],293.1758213
75,Sample_data[, -1],294.0381141
74,Sample_data[, -1],294.0744821
6,Sample_data[, -1],294.0926716
28,Sample_data[, -1],294.0982925
85,Sample_data[, -1],294.1108814
55,Sample_data[, -1],294.1346994
45,Sample_data[, -1],295.0095343
130,Sample_data[, -1],295.0459336
44,Sample_data[, -1],295.0612008
177,Sample_data[, -1],295.0823207
7,Sample_data[, -1],295.1005003
114,Sample_data[, -1],295.1186946
108,Sample_data[, -1],295.1551007
17,Sample_data[, -1],295.2278704
41,Sample_data[, -1],296.0537419
7,Sample_data[, -1],296.0719447
30,Sample_data[, -1],296.0775612
90,Sample_data[, -1],296.0901496
17,Sample_data[, -1],296.1083459
51,Sample_data[, -1],296.1139569
51,Sample_data[, -1],296.1265225
65,Sample_data[, -1],297.0251884
71,Sample_data[, -1],297.0404543
126,Sample_data[, -1],297.0615939
70,Sample_data[, -1],297.0768366
87,Sample_data[, -1],297.0979532
55,Sample_data[, -1],297.1132136
9,Sample_data[, -1],297.1161525
116,Sample_data[, -1],297.1343627
7,Sample_data[, -1],297.1529906
59,Sample_data[, -1],297.1707321
10,Sample_data[, -1],297.243519
50,Sample_data[, -1],298.048276
40,Sample_data[, -1],298.0693941
73,Sample_data[, -1],298.1057997
73,Sample_data[, -1],299.0197223
58,Sample_data[, -1],299.040833
82,Sample_data[, -1],299.05609
127,Sample_data[, -1],299.0772362
93,Sample_data[, -1],299.0924983
122,Sample_data[, -1],299.1136177
67,Sample_data[, -1],299.1288639
1,Sample_data[, -1],299.1487673
74,Sample_data[, -1],299.1499949
20,Sample_data[, -1],299.2016434
72,Sample_data[, -1],300.0639315
86,Sample_data[, -1],301.0353541
93,Sample_data[, -1],301.0564969
105,Sample_data[, -1],301.0717638
112,Sample_data[, -1],301.0928848
18,Sample_data[, -1],301.1005064
90,Sample_data[, -1],301.1081271
1,Sample_data[, -1],301.1186777
63,Sample_data[, -1],301.1292556
89,Sample_data[, -1],301.1445236
56,Sample_data[, -1],301.1809143
55,Sample_data[, -1],302.0431764
77,Sample_data[, -1],302.0795867
15,Sample_data[, -1],302.0901469
18,Sample_data[, -1],302.1083345
63,Sample_data[, -1],302.1159605
74,Sample_data[, -1],303.0146406
107,Sample_data[, -1],303.0510041
52,Sample_data[, -1],303.0721346
136,Sample_data[, -1],303.0874042
19,Sample_data[, -1],303.0979762
82,Sample_data[, -1],303.1085408
17,Sample_data[, -1],303.116168
129,Sample_data[, -1],303.1237921
66,Sample_data[, -1],303.1601593
83,Sample_data[, -1],304.0588488
75,Sample_data[, -1],304.0952126
6,Sample_data[, -1],304.1057776
65,Sample_data[, -1],304.1316234
81,Sample_data[, -1],305.0302633
5,Sample_data[, -1],305.0642564
157,Sample_data[, -1],305.0666726
159,Sample_data[, -1],305.1030526
93,Sample_data[, -1],305.1394245
71,Sample_data[, -1],305.1758341
62,Sample_data[, -1],306.038118
78,Sample_data[, -1],306.0744803
76,Sample_data[, -1],306.1108722
67,Sample_data[, -1],307.0095545
99,Sample_data[, -1],307.0459155
175,Sample_data[, -1],307.0823188
163,Sample_data[, -1],307.1187036
75,Sample_data[, -1],307.1550701
66,Sample_data[, -1],308.0537528
90,Sample_data[, -1],308.0901486
8,Sample_data[, -1],308.1083263
25,Sample_data[, -1],308.1139296
58,Sample_data[, -1],308.1265125
71,Sample_data[, -1],309.0251829
47,Sample_data[, -1],309.0404522
150,Sample_data[, -1],309.0615889
125,Sample_data[, -1],309.0979511
5,Sample_data[, -1],309.1161476
129,Sample_data[, -1],309.1343488
6,Sample_data[, -1],309.1529911
91,Sample_data[, -1],309.1707464
42,Sample_data[, -1],310.0330139
77,Sample_data[, -1],310.0694155
13,Sample_data[, -1],310.0875965
28,Sample_data[, -1],310.0931974
55,Sample_data[, -1],310.1057725
33,Sample_data[, -1],310.1295926
96,Sample_data[, -1],311.0408434
79,Sample_data[, -1],311.0561091
157,Sample_data[, -1],311.0772332
72,Sample_data[, -1],311.0924822
106,Sample_data[, -1],311.113599
58,Sample_data[, -1],311.1288669
113,Sample_data[, -1],311.1500074
5,Sample_data[, -1],311.1686369
29,Sample_data[, -1],312.0275247
78,Sample_data[, -1],312.0850637
26,Sample_data[, -1],312.1088504
38,Sample_data[, -1],312.1214144
61,Sample_data[, -1],313.0201045
66,Sample_data[, -1],313.0353504
82,Sample_data[, -1],313.0564764
86,Sample_data[, -1],313.0717405
142,Sample_data[, -1],313.0928883
1,Sample_data[, -1],313.1021139
88,Sample_data[, -1],313.1081453
95,Sample_data[, -1],313.129261
57,Sample_data[, -1],313.144507
2,Sample_data[, -1],313.1644091
54,Sample_data[, -1],313.1656392
50,Sample_data[, -1],313.1809037
51,Sample_data[, -1],314.0431979
57,Sample_data[, -1],314.0795632
62,Sample_data[, -1],315.0146125
51,Sample_data[, -1],315.0357392
96,Sample_data[, -1],315.051011
92,Sample_data[, -1],315.0721545
9,Sample_data[, -1],315.0850091
127,Sample_data[, -1],315.0874091
74,Sample_data[, -1],315.1085192
76,Sample_data[, -1],315.1237655
60,Sample_data[, -1],315.1449006
77,Sample_data[, -1],315.1601715
67,Sample_data[, -1],316.058835
57,Sample_data[, -1],316.0952132
4,Sample_data[, -1],316.1057802
15,Sample_data[, -1],316.1239869
43,Sample_data[, -1],316.1316284
2,Sample_data[, -1],316.212926
77,Sample_data[, -1],317.0302646
44,Sample_data[, -1],317.0513863
11,Sample_data[, -1],317.0642397
100,Sample_data[, -1],317.0666558
84,Sample_data[, -1],317.087799
4,Sample_data[, -1],317.1006557
134,Sample_data[, -1],317.1030607
13,Sample_data[, -1],317.1136193
57,Sample_data[, -1],317.1241748
83,Sample_data[, -1],317.1394214
70,Sample_data[, -1],317.1758161
54,Sample_data[, -1],318.0380974
87,Sample_data[, -1],318.0744982
73,Sample_data[, -1],318.1108594
50,Sample_data[, -1],318.1472547
59,Sample_data[, -1],319.0095321
116,Sample_data[, -1],319.0459402
15,Sample_data[, -1],319.0798859
110,Sample_data[, -1],319.0822991
112,Sample_data[, -1],319.1186897
118,Sample_data[, -1],319.1550981
49,Sample_data[, -1],319.1914557
66,Sample_data[, -1],320.0537521
84,Sample_data[, -1],320.0901226
79,Sample_data[, -1],320.1265322
84,Sample_data[, -1],321.025203
10,Sample_data[, -1],321.0591633
113,Sample_data[, -1],321.061571
109,Sample_data[, -1],321.097947
155,Sample_data[, -1],321.1343589
86,Sample_data[, -1],321.1707324
73,Sample_data[, -1],322.0694025
30,Sample_data[, -1],322.0931966
64,Sample_data[, -1],322.1057707
75,Sample_data[, -1],322.1421822
110,Sample_data[, -1],323.0408469
151,Sample_data[, -1],323.0772303
101,Sample_data[, -1],323.1135942
115,Sample_data[, -1],323.1500007
69,Sample_data[, -1],323.1863895
85,Sample_data[, -1],324.085064
20,Sample_data[, -1],324.1032567
36,Sample_data[, -1],324.108856
70,Sample_data[, -1],324.1214293
69,Sample_data[, -1],325.0201113
49,Sample_data[, -1],325.0353605
92,Sample_data[, -1],325.0564745
55,Sample_data[, -1],325.0717325
118,Sample_data[, -1],325.0928725
17,Sample_data[, -1],325.1110822
136,Sample_data[, -1],325.1292733
55,Sample_data[, -1],325.1445226
70,Sample_data[, -1],325.1656331
66,Sample_data[, -1],326.0643255
37,Sample_data[, -1],326.0881179
59,Sample_data[, -1],326.1006868
26,Sample_data[, -1],326.1244903
49,Sample_data[, -1],327.0146275
57,Sample_data[, -1],327.0357375
62,Sample_data[, -1],327.0509937
88,Sample_data[, -1],327.0721304
81,Sample_data[, -1],327.0873987
123,Sample_data[, -1],327.1085407
72,Sample_data[, -1],327.1237912
72,Sample_data[, -1],327.1449007
46,Sample_data[, -1],327.1601479
1,Sample_data[, -1],327.1800532
43,Sample_data[, -1],327.1812793
55,Sample_data[, -1],328.058849
58,Sample_data[, -1],328.0952201
21,Sample_data[, -1],328.1037502
79,Sample_data[, -1],329.0302812
54,Sample_data[, -1],329.0513962
98,Sample_data[, -1],329.066645
81,Sample_data[, -1],329.0877737
6,Sample_data[, -1],329.0954163
104,Sample_data[, -1],329.1030397
7,Sample_data[, -1],329.1064106
8,Sample_data[, -1],329.1136116
97,Sample_data[, -1],329.1241828
16,Sample_data[, -1],329.1318105
100,Sample_data[, -1],329.1394448
59,Sample_data[, -1],329.160564
51,Sample_data[, -1],329.1758069
38,Sample_data[, -1],330.0380845
68,Sample_data[, -1],330.0744842
68,Sample_data[, -1],330.1108852
14,Sample_data[, -1],330.1214432
36,Sample_data[, -1],330.1472384
50,Sample_data[, -1],331.0095231
16,Sample_data[, -1],331.0435022
91,Sample_data[, -1],331.0459174
76,Sample_data[, -1],331.0670622
8,Sample_data[, -1],331.0799189
138,Sample_data[, -1],331.0823245
68,Sample_data[, -1],331.1034419
13,Sample_data[, -1],331.1110668
102,Sample_data[, -1],331.1186858
3,Sample_data[, -1],331.1292456
39,Sample_data[, -1],331.1398036
69,Sample_data[, -1],331.1550647
58,Sample_data[, -1],331.1914826
67,Sample_data[, -1],332.0537589
86,Sample_data[, -1],332.0901396
2,Sample_data[, -1],332.1188758
62,Sample_data[, -1],332.1265047
49,Sample_data[, -1],332.1629108
66,Sample_data[, -1],333.0251802
7,Sample_data[, -1],333.0591984
141,Sample_data[, -1],333.0615902
10,Sample_data[, -1],333.0955421
119,Sample_data[, -1],333.0979537
94,Sample_data[, -1],333.1343293
97,Sample_data[, -1],333.1707396
45,Sample_data[, -1],333.2071219
39,Sample_data[, -1],334.0330027
81,Sample_data[, -1],334.0694106
84,Sample_data[, -1],334.1057744
59,Sample_data[, -1],334.1421565
14,Sample_data[, -1],335.0384196
95,Sample_data[, -1],335.0408271
9,Sample_data[, -1],335.0748363
143,Sample_data[, -1],335.0772371
127,Sample_data[, -1],335.1136068
99,Sample_data[, -1],335.1499784
77,Sample_data[, -1],335.1863867
42,Sample_data[, -1],335.222776
49,Sample_data[, -1],336.0486458
92,Sample_data[, -1],336.0850567
69,Sample_data[, -1],336.1088753
85,Sample_data[, -1],336.1214418
64,Sample_data[, -1],337.0201098
38,Sample_data[, -1],337.0353576
17,Sample_data[, -1],337.0540649
92,Sample_data[, -1],337.0564676
37,Sample_data[, -1],337.0717254
119,Sample_data[, -1],337.0928653
155,Sample_data[, -1],337.1292787
99,Sample_data[, -1],337.1656456
39,Sample_data[, -1],337.2020096
40,Sample_data[, -1],338.0881088
57,Sample_data[, -1],338.1006831
57,Sample_data[, -1],338.1370762
1,Sample_data[, -1],338.2448773
63,Sample_data[, -1],339.0357322
56,Sample_data[, -1],339.0509967
121,Sample_data[, -1],339.0721433
67,Sample_data[, -1],339.0874017
153,Sample_data[, -1],339.1085382
95,Sample_data[, -1],339.1448947
70,Sample_data[, -1],339.1812807
1,Sample_data[, -1],339.1999221
22,Sample_data[, -1],340.1037489
49,Sample_data[, -1],341.0302537
68,Sample_data[, -1],341.0513844
75,Sample_data[, -1],341.0666539
113,Sample_data[, -1],341.0878028
85,Sample_data[, -1],341.1030624
113,Sample_data[, -1],341.124181
61,Sample_data[, -1],341.1394287
56,Sample_data[, -1],341.1605399
22,Sample_data[, -1],342.1193998
3,Sample_data[, -1],342.2285645
54,Sample_data[, -1],343.0306567
73,Sample_data[, -1],343.0459084
69,Sample_data[, -1],343.0670304
95,Sample_data[, -1],343.0822963
4,Sample_data[, -1],343.085659
88,Sample_data[, -1],343.1034401
109,Sample_data[, -1],343.1187079
89,Sample_data[, -1],343.139842
94,Sample_data[, -1],343.1550904
50,Sample_data[, -1],344.0537429
67,Sample_data[, -1],345.025177
50,Sample_data[, -1],345.0463169
121,Sample_data[, -1],345.0615857
79,Sample_data[, -1],345.0827123
108,Sample_data[, -1],345.0979639
7,Sample_data[, -1],345.1013294
67,Sample_data[, -1],345.1190764
80,Sample_data[, -1],345.1343265
71,Sample_data[, -1],345.1707281
71,Sample_data[, -1],346.0694149
72,Sample_data[, -1],346.1057764
57,Sample_data[, -1],346.1421558
88,Sample_data[, -1],347.0408548
16,Sample_data[, -1],347.0747974
117,Sample_data[, -1],347.0772168
49,Sample_data[, -1],347.0983308
103,Sample_data[, -1],347.1135887
113,Sample_data[, -1],347.1499992
75,Sample_data[, -1],347.1864007
85,Sample_data[, -1],348.0850365
76,Sample_data[, -1],348.1214212
52,Sample_data[, -1],348.1578307
62,Sample_data[, -1],349.0201129
7,Sample_data[, -1],349.0540951
123,Sample_data[, -1],349.0565024
16,Sample_data[, -1],349.0904428
114,Sample_data[, -1],349.0928606
112,Sample_data[, -1],349.1292416
107,Sample_data[, -1],349.165653
61,Sample_data[, -1],349.2020426
67,Sample_data[, -1],350.0643304
85,Sample_data[, -1],350.1006957
27,Sample_data[, -1],350.1244864
63,Sample_data[, -1],350.1370683
82,Sample_data[, -1],351.0357385
37,Sample_data[, -1],351.0510082
5,Sample_data[, -1],351.0697487
140,Sample_data[, -1],351.0721525
143,Sample_data[, -1],351.1085296
97,Sample_data[, -1],351.1448913
74,Sample_data[, -1],351.181284
47,Sample_data[, -1],351.2176977
69,Sample_data[, -1],352.0799588
57,Sample_data[, -1],352.103794
69,Sample_data[, -1],352.1163726
63,Sample_data[, -1],352.1401727
49,Sample_data[, -1],352.1527295
40,Sample_data[, -1],353.015027
43,Sample_data[, -1],353.0302809
82,Sample_data[, -1],353.0513946
49,Sample_data[, -1],353.0666419
106,Sample_data[, -1],353.0877652
50,Sample_data[, -1],353.1030288
106,Sample_data[, -1],353.1241754
86,Sample_data[, -1],353.1605847
53,Sample_data[, -1],353.1969407
38,Sample_data[, -1],354.0830522
55,Sample_data[, -1],354.0956112
38,Sample_data[, -1],354.1194091
39,Sample_data[, -1],354.1319762
38,Sample_data[, -1],355.030641
47,Sample_data[, -1],355.0459006
81,Sample_data[, -1],355.067033
72,Sample_data[, -1],355.0823043
126,Sample_data[, -1],355.1034526
81,Sample_data[, -1],355.1187173
107,Sample_data[, -1],355.1398412
1,Sample_data[, -1],355.1679577
65,Sample_data[, -1],355.176196
20,Sample_data[, -1],355.1914359
39,Sample_data[, -1],356.0537602
54,Sample_data[, -1],356.0901315
38,Sample_data[, -1],356.0986672
55,Sample_data[, -1],356.1265131
57,Sample_data[, -1],357.0251719
48,Sample_data[, -1],357.0462899
65,Sample_data[, -1],357.0615518
65,Sample_data[, -1],357.0826969
105,Sample_data[, -1],357.0979706
8,Sample_data[, -1],357.1013542
77,Sample_data[, -1],357.1191134
104,Sample_data[, -1],357.1343689
74,Sample_data[, -1],357.1554794
62,Sample_data[, -1],357.1707201
36,Sample_data[, -1],357.1918337
52,Sample_data[, -1],358.0694183
58,Sample_data[, -1],358.1057772
24,Sample_data[, -1],358.1143139
1,Sample_data[, -1],358.1163338
2,Sample_data[, -1],358.1345206
32,Sample_data[, -1],358.142149
6,Sample_data[, -1],359.0384306
78,Sample_data[, -1],359.0408315
50,Sample_data[, -1],359.0619404
16,Sample_data[, -1],359.074787
66,Sample_data[, -1],359.0771947
1,Sample_data[, -1],359.0805598
70,Sample_data[, -1],359.098332
105,Sample_data[, -1],359.1136013
65,Sample_data[, -1],359.1347527
94,Sample_data[, -1],359.1500237
79,Sample_data[, -1],359.1863896
42,Sample_data[, -1],360.0486498
67,Sample_data[, -1],360.0850667
65,Sample_data[, -1],360.1214519
37,Sample_data[, -1],360.1578022
56,Sample_data[, -1],361.0200931
5,Sample_data[, -1],361.0541118
62,Sample_data[, -1],361.0565149
44,Sample_data[, -1],361.0776365
120,Sample_data[, -1],361.0928833
10,Sample_data[, -1],361.0962548
54,Sample_data[, -1],361.1139873
85,Sample_data[, -1],361.129239
86,Sample_data[, -1],361.1656285
71,Sample_data[, -1],361.2020416
60,Sample_data[, -1],362.0643114
58,Sample_data[, -1],362.1006805
55,Sample_data[, -1],362.1370668
7,Sample_data[, -1],362.1721487
9,Sample_data[, -1],362.1735202
73,Sample_data[, -1],363.0357596
19,Sample_data[, -1],363.0697088
118,Sample_data[, -1],363.0721181
12,Sample_data[, -1],363.1060825
109,Sample_data[, -1],363.1085052
137,Sample_data[, -1],363.1449195
97,Sample_data[, -1],363.181315
47,Sample_data[, -1],364.0799434
68,Sample_data[, -1],364.1163482
40,Sample_data[, -1],364.1527594
43,Sample_data[, -1],365.0150149
16,Sample_data[, -1],365.0489649
75,Sample_data[, -1],365.0513764
38,Sample_data[, -1],365.0666336
14,Sample_data[, -1],365.0853533
114,Sample_data[, -1],365.0877679
146,Sample_data[, -1],365.1241918
91,Sample_data[, -1],365.1605871
64,Sample_data[, -1],365.1969362
62,Sample_data[, -1],366.0955979
66,Sample_data[, -1],366.1194381
60,Sample_data[, -1],366.1320222
46,Sample_data[, -1],367.0306512
53,Sample_data[, -1],367.0459044
68,Sample_data[, -1],367.067023
55,Sample_data[, -1],367.0822876
113,Sample_data[, -1],367.1034247
54,Sample_data[, -1],367.1187011
86,Sample_data[, -1],367.1398528
96,Sample_data[, -1],367.17623
39,Sample_data[, -1],367.2125756
51,Sample_data[, -1],368.1112451
46,Sample_data[, -1],368.1350739
33,Sample_data[, -1],369.0252098
71,Sample_data[, -1],369.0463304
64,Sample_data[, -1],369.061573
99,Sample_data[, -1],369.0826858
63,Sample_data[, -1],369.097936
76,Sample_data[, -1],369.119061
55,Sample_data[, -1],369.134321
84,Sample_data[, -1],369.1554692
67,Sample_data[, -1],369.1707396
33,Sample_data[, -1],369.1918911
1,Sample_data[, -1],369.2758381
11,Sample_data[, -1],371.0255402
51,Sample_data[, -1],371.0408138
61,Sample_data[, -1],371.0619576
103,Sample_data[, -1],371.0772349
67,Sample_data[, -1],371.0983809
87,Sample_data[, -1],371.1136353
87,Sample_data[, -1],371.1347476
75,Sample_data[, -1],371.1499859
51,Sample_data[, -1],371.1711002
37,Sample_data[, -1],371.1863526
41,Sample_data[, -1],372.0486509
39,Sample_data[, -1],372.0850275
62,Sample_data[, -1],372.1214448
48,Sample_data[, -1],373.0201106
76,Sample_data[, -1],373.0565127
51,Sample_data[, -1],373.0776203
13,Sample_data[, -1],373.0904597
91,Sample_data[, -1],373.0928637
59,Sample_data[, -1],373.1139776
78,Sample_data[, -1],373.129233
54,Sample_data[, -1],373.1503641
85,Sample_data[, -1],373.1656316
62,Sample_data[, -1],373.2020531
44,Sample_data[, -1],374.0643086
24,Sample_data[, -1],374.1007352
62,Sample_data[, -1],374.1371041
16,Sample_data[, -1],374.1734447
79,Sample_data[, -1],375.0357677
19,Sample_data[, -1],375.0697079
102,Sample_data[, -1],375.0721166
5,Sample_data[, -1],375.0754798
22,Sample_data[, -1],375.0932285
5,Sample_data[, -1],375.1060771
77,Sample_data[, -1],375.1084942
48,Sample_data[, -1],375.1296281
112,Sample_data[, -1],375.1449052
60,Sample_data[, -1],375.1813308
49,Sample_data[, -1],375.2177025
38,Sample_data[, -1],376.0799901
70,Sample_data[, -1],376.1163705
51,Sample_data[, -1],376.1527281
38,Sample_data[, -1],377.0150384
4,Sample_data[, -1],377.0489987
73,Sample_data[, -1],377.0514022
15,Sample_data[, -1],377.0853547
91,Sample_data[, -1],377.087764
109,Sample_data[, -1],377.1241544
122,Sample_data[, -1],377.160571
56,Sample_data[, -1],377.1969757
54,Sample_data[, -1],378.095638
25,Sample_data[, -1],378.1194583
31,Sample_data[, -1],378.1320325
1,Sample_data[, -1],378.1670384
43,Sample_data[, -1],378.1683775
56,Sample_data[, -1],379.0306903
17,Sample_data[, -1],379.0459597
6,Sample_data[, -1],379.0646783
63,Sample_data[, -1],379.0670819
38,Sample_data[, -1],379.0823149
114,Sample_data[, -1],379.1034278
6,Sample_data[, -1],379.1146461
71,Sample_data[, -1],379.1397942
92,Sample_data[, -1],379.1761944
56,Sample_data[, -1],379.2126164
52,Sample_data[, -1],380.0748623
47,Sample_data[, -1],380.0986724
70,Sample_data[, -1],380.1112489
62,Sample_data[, -1],380.1350895
39,Sample_data[, -1],380.1476754
22,Sample_data[, -1],381.0251557
11,Sample_data[, -1],381.0438826
62,Sample_data[, -1],381.046293
48,Sample_data[, -1],381.0615642
112,Sample_data[, -1],381.0827243
39,Sample_data[, -1],381.0979922
54,Sample_data[, -1],381.1191285
107,Sample_data[, -1],381.1554788
38,Sample_data[, -1],381.1707198
50,Sample_data[, -1],381.191833
47,Sample_data[, -1],382.1143377
60,Sample_data[, -1],382.1268952
27,Sample_data[, -1],383.0256105
27,Sample_data[, -1],383.040865
82,Sample_data[, -1],383.0619725
60,Sample_data[, -1],383.0772131
92,Sample_data[, -1],383.0983281
49,Sample_data[, -1],383.1135794
84,Sample_data[, -1],383.1347138
47,Sample_data[, -1],383.1499771
84,Sample_data[, -1],383.1711271
62,Sample_data[, -1],383.1864018
32,Sample_data[, -1],383.2075446
41,Sample_data[, -1],385.0200877
38,Sample_data[, -1],385.0411998
48,Sample_data[, -1],385.0564571
57,Sample_data[, -1],385.0775875
72,Sample_data[, -1],385.0928508
6,Sample_data[, -1],385.0962268
79,Sample_data[, -1],385.1140064
107,Sample_data[, -1],385.1292804
46,Sample_data[, -1],385.1504272
34,Sample_data[, -1],385.1656854
52,Sample_data[, -1],385.1868004
66,Sample_data[, -1],385.2020409
59,Sample_data[, -1],386.1007045
10,Sample_data[, -1],386.1371344
1,Sample_data[, -1],387.0332959
40,Sample_data[, -1],387.0357207
35,Sample_data[, -1],387.0568491
82,Sample_data[, -1],387.0721213
55,Sample_data[, -1],387.0932676
13,Sample_data[, -1],387.1061397
112,Sample_data[, -1],387.1085457
50,Sample_data[, -1],387.1296859
83,Sample_data[, -1],387.1449425
58,Sample_data[, -1],387.1660589
85,Sample_data[, -1],387.1813009
38,Sample_data[, -1],387.2024082
39,Sample_data[, -1],387.2176608
58,Sample_data[, -1],388.0799555
41,Sample_data[, -1],388.11638
19,Sample_data[, -1],388.1527721
25,Sample_data[, -1],389.0149858
16,Sample_data[, -1],389.0489677
40,Sample_data[, -1],389.0513683
41,Sample_data[, -1],389.0725046
11,Sample_data[, -1],389.085373
96,Sample_data[, -1],389.0877881
48,Sample_data[, -1],389.1089401
50,Sample_data[, -1],389.1242135
68,Sample_data[, -1],389.1605933
76,Sample_data[, -1],389.1969384
27,Sample_data[, -1],389.2333006
32,Sample_data[, -1],390.0592088
61,Sample_data[, -1],390.0956013
11,Sample_data[, -1],390.1320392
7,Sample_data[, -1],390.1684353
7,Sample_data[, -1],391.0282567
58,Sample_data[, -1],391.0306558
25,Sample_data[, -1],391.0459044
7,Sample_data[, -1],391.0646057
59,Sample_data[, -1],391.0670207
1,Sample_data[, -1],391.101094
97,Sample_data[, -1],391.1034104
135,Sample_data[, -1],391.13984
41,Sample_data[, -1],391.1762591
62,Sample_data[, -1],391.2126242
48,Sample_data[, -1],392.0748615
20,Sample_data[, -1],392.1112291
30,Sample_data[, -1],392.1350443
62,Sample_data[, -1],392.1476378
3,Sample_data[, -1],393.0439549
30,Sample_data[, -1],393.0463595
19,Sample_data[, -1],393.0616141
7,Sample_data[, -1],393.0803293
105,Sample_data[, -1],393.0827192
39,Sample_data[, -1],393.0979548
111,Sample_data[, -1],393.1190698
76,Sample_data[, -1],393.1554445
69,Sample_data[, -1],393.1918534
36,Sample_data[, -1],393.2282771
56,Sample_data[, -1],394.1269272
35,Sample_data[, -1],394.1507124
31,Sample_data[, -1],394.1632719
29,Sample_data[, -1],395.025545
22,Sample_data[, -1],395.0408045
70,Sample_data[, -1],395.0619421
47,Sample_data[, -1],395.0772052
112,Sample_data[, -1],395.0983644
66,Sample_data[, -1],395.1136341
46,Sample_data[, -1],395.1347798
103,Sample_data[, -1],395.1711492
57,Sample_data[, -1],395.2074964
24,Sample_data[, -1],396.1299594
23,Sample_data[, -1],397.0201154
41,Sample_data[, -1],397.0412642
29,Sample_data[, -1],397.0565336
34,Sample_data[, -1],397.0776676
61,Sample_data[, -1],397.092906
97,Sample_data[, -1],397.1140166
66,Sample_data[, -1],397.1292522
71,Sample_data[, -1],397.150362
16,Sample_data[, -1],397.165605
35,Sample_data[, -1],397.1867406
25,Sample_data[, -1],397.2019986
41,Sample_data[, -1],397.2231534
19,Sample_data[, -1],399.035806
36,Sample_data[, -1],399.0569123
85,Sample_data[, -1],399.0721429
74,Sample_data[, -1],399.093251
72,Sample_data[, -1],399.1084956
42,Sample_data[, -1],399.1296163
2,Sample_data[, -1],399.1372572
40,Sample_data[, -1],399.1448746
67,Sample_data[, -1],399.1660147
59,Sample_data[, -1],399.1812845
53,Sample_data[, -1],399.2024451
24,Sample_data[, -1],399.2177217
23,Sample_data[, -1],400.1527688
68,Sample_data[, -1],401.0514186
53,Sample_data[, -1],401.0725146
17,Sample_data[, -1],401.0853551
90,Sample_data[, -1],401.0877665
36,Sample_data[, -1],401.1088815
6,Sample_data[, -1],401.1217279
62,Sample_data[, -1],401.1241438
58,Sample_data[, -1],401.1452784
93,Sample_data[, -1],401.1605543
51,Sample_data[, -1],401.1817049
58,Sample_data[, -1],401.1969761
16,Sample_data[, -1],401.2333799
12,Sample_data[, -1],402.1320484
35,Sample_data[, -1],402.1683903
26,Sample_data[, -1],403.0307067
6,Sample_data[, -1],403.0646642
89,Sample_data[, -1],403.0670615
45,Sample_data[, -1],403.0881559
16,Sample_data[, -1],403.1010091
89,Sample_data[, -1],403.1034135
29,Sample_data[, -1],403.1245308
82,Sample_data[, -1],403.1397965
44,Sample_data[, -1],403.1609341
96,Sample_data[, -1],403.1762118
32,Sample_data[, -1],403.2126384
41,Sample_data[, -1],404.0748655
12,Sample_data[, -1],404.1113035
9,Sample_data[, -1],404.1477042
34,Sample_data[, -1],404.1840625
38,Sample_data[, -1],405.046363
5,Sample_data[, -1],405.0803375
63,Sample_data[, -1],405.0827347
97,Sample_data[, -1],405.1190827
64,Sample_data[, -1],405.1554435
67,Sample_data[, -1],405.1918352
61,Sample_data[, -1],405.2282564
14,Sample_data[, -1],406.090495
29,Sample_data[, -1],406.1143086
55,Sample_data[, -1],406.1268937
78,Sample_data[, -1],406.1507334
38,Sample_data[, -1],406.1633257
4,Sample_data[, -1],407.0231584
24,Sample_data[, -1],407.0255464
22,Sample_data[, -1],407.0408129
9,Sample_data[, -1],407.0595465
78,Sample_data[, -1],407.0619597
46,Sample_data[, -1],407.0772291
59,Sample_data[, -1],407.0983892
53,Sample_data[, -1],407.1347944
88,Sample_data[, -1],407.1711519
64,Sample_data[, -1],407.2074921
8,Sample_data[, -1],407.2438554
64,Sample_data[, -1],408.1299952
49,Sample_data[, -1],408.1425477
6,Sample_data[, -1],408.1789031
36,Sample_data[, -1],409.041263
49,Sample_data[, -1],409.0564962
86,Sample_data[, -1],409.0776033
50,Sample_data[, -1],409.0928591
45,Sample_data[, -1],409.113965
26,Sample_data[, -1],409.1292215
87,Sample_data[, -1],409.1503591
103,Sample_data[, -1],409.1867863
26,Sample_data[, -1],409.223217
49,Sample_data[, -1],410.1092372
4,Sample_data[, -1],411.0204452
10,Sample_data[, -1],411.0357107
47,Sample_data[, -1],411.0568538
53,Sample_data[, -1],411.0721244
93,Sample_data[, -1],411.0932907
33,Sample_data[, -1],411.1085627
44,Sample_data[, -1],411.1297148
27,Sample_data[, -1],411.1449757
39,Sample_data[, -1],411.1660955
31,Sample_data[, -1],411.1813335
72,Sample_data[, -1],411.2024361
36,Sample_data[, -1],411.2176722
20,Sample_data[, -1],413.0361819
32,Sample_data[, -1],413.0514566
28,Sample_data[, -1],413.0725945
29,Sample_data[, -1],413.0878472
56,Sample_data[, -1],413.1089552
85,Sample_data[, -1],413.1241972
62,Sample_data[, -1],413.1452947
51,Sample_data[, -1],413.1605352
24,Sample_data[, -1],413.1816519
23,Sample_data[, -1],413.1969071
12,Sample_data[, -1],413.2180354
22,Sample_data[, -1],413.2333008
20,Sample_data[, -1],415.0307253
16,Sample_data[, -1],415.0518421
49,Sample_data[, -1],415.0670846
61,Sample_data[, -1],415.0881894
84,Sample_data[, -1],415.1034298
49,Sample_data[, -1],415.1245382
50,Sample_data[, -1],415.1397893
25,Sample_data[, -1],415.1609141
41,Sample_data[, -1],415.1761738
46,Sample_data[, -1],415.1973165
63,Sample_data[, -1],415.2125919
14,Sample_data[, -1],415.2490277
45,Sample_data[, -1],416.1112456
20,Sample_data[, -1],416.1476171
26,Sample_data[, -1],416.1840115
31,Sample_data[, -1],417.0463689
30,Sample_data[, -1],417.067463
6,Sample_data[, -1],417.0803126
102,Sample_data[, -1],417.0827143
45,Sample_data[, -1],417.1038091
10,Sample_data[, -1],417.1166682
76,Sample_data[, -1],417.1190629
15,Sample_data[, -1],417.1401765
49,Sample_data[, -1],417.1554389
72,Sample_data[, -1],417.1918471
39,Sample_data[, -1],417.2282817
60,Sample_data[, -1],418.1268948
21,Sample_data[, -1],418.163262
32,Sample_data[, -1],418.1996689
20,Sample_data[, -1],419.0256378
4,Sample_data[, -1],419.0596135
42,Sample_data[, -1],419.0620178
1,Sample_data[, -1],419.0960317
109,Sample_data[, -1],419.0983687
90,Sample_data[, -1],419.1347168
52,Sample_data[, -1],419.1710887
77,Sample_data[, -1],419.2074935
33,Sample_data[, -1],419.2439232
48,Sample_data[, -1],420.1425596
38,Sample_data[, -1],420.1663499
14,Sample_data[, -1],420.1789115
37,Sample_data[, -1],421.041261
1,Sample_data[, -1],421.0752913
42,Sample_data[, -1],421.0776781
49,Sample_data[, -1],421.1140575
124,Sample_data[, -1],421.1504059
81,Sample_data[, -1],421.1867517
45,Sample_data[, -1],421.2231342
47,Sample_data[, -1],422.1582039
15,Sample_data[, -1],423.0204564
17,Sample_data[, -1],423.0357159
46,Sample_data[, -1],423.05685
35,Sample_data[, -1],423.0721093
80,Sample_data[, -1],423.093264
67,Sample_data[, -1],423.1085371
48,Sample_data[, -1],423.1296956
54,Sample_data[, -1],423.1661041
36,Sample_data[, -1],423.2024753
40,Sample_data[, -1],423.2388157
52,Sample_data[, -1],424.1248899
22,Sample_data[, -1],425.0362068
27,Sample_data[, -1],425.0514502
52,Sample_data[, -1],425.0725598
65,Sample_data[, -1],425.0877969
78,Sample_data[, -1],425.1089031
49,Sample_data[, -1],425.1241452
70,Sample_data[, -1],425.1452713
31,Sample_data[, -1],425.1605225
70,Sample_data[, -1],425.1816675
52,Sample_data[, -1],425.2180933
25,Sample_data[, -1],427.0306334
38,Sample_data[, -1],427.0517641
66,Sample_data[, -1],427.0670382
70,Sample_data[, -1],427.0881892
58,Sample_data[, -1],427.1034681
34,Sample_data[, -1],427.1246186
32,Sample_data[, -1],427.1398875
38,Sample_data[, -1],427.1610216
36,Sample_data[, -1],427.1762726
28,Sample_data[, -1],427.1973854
49,Sample_data[, -1],427.2126242
23,Sample_data[, -1],429.0463889
19,Sample_data[, -1],429.0675124
32,Sample_data[, -1],429.0827667
44,Sample_data[, -1],429.1038676
3,Sample_data[, -1],429.1167244
89,Sample_data[, -1],429.1191092
60,Sample_data[, -1],429.1402124
83,Sample_data[, -1],429.1554608
48,Sample_data[, -1],429.1765725
39,Sample_data[, -1],429.1918265
21,Sample_data[, -1],429.2129544
36,Sample_data[, -1],429.2282195
16,Sample_data[, -1],431.0256239
64,Sample_data[, -1],431.061973
43,Sample_data[, -1],431.0830683
15,Sample_data[, -1],431.0959235
79,Sample_data[, -1],431.0983253
26,Sample_data[, -1],431.1194436
58,Sample_data[, -1],431.1347054
42,Sample_data[, -1],431.1558414
95,Sample_data[, -1],431.1711172
56,Sample_data[, -1],431.2075439
19,Sample_data[, -1],431.2439628
50,Sample_data[, -1],432.1789426
9,Sample_data[, -1],433.0388151
46,Sample_data[, -1],433.0412208
16,Sample_data[, -1],433.07518
54,Sample_data[, -1],433.0775874
90,Sample_data[, -1],433.1139829
125,Sample_data[, -1],433.1504004
49,Sample_data[, -1],433.1868245
30,Sample_data[, -1],433.2232223
18,Sample_data[, -1],433.2595944
63,Sample_data[, -1],434.1456439
57,Sample_data[, -1],434.1582009
8,Sample_data[, -1],434.1945569
24,Sample_data[, -1],435.020472
11,Sample_data[, -1],435.0568352
1,Sample_data[, -1],435.0720838
14,Sample_data[, -1],435.0908278
42,Sample_data[, -1],435.0932309
31,Sample_data[, -1],435.1084998
96,Sample_data[, -1],435.1296564
53,Sample_data[, -1],435.1660906
39,Sample_data[, -1],435.2024983
32,Sample_data[, -1],435.2388764
35,Sample_data[, -1],436.1375039
26,Sample_data[, -1],436.1738362
20,Sample_data[, -1],437.0361112
9,Sample_data[, -1],437.0513592
16,Sample_data[, -1],437.0724868
15,Sample_data[, -1],437.0877488
79,Sample_data[, -1],437.1088932
53,Sample_data[, -1],437.124169
99,Sample_data[, -1],437.145328
50,Sample_data[, -1],437.1817583
27,Sample_data[, -1],437.2181581
46,Sample_data[, -1],439.0517968
50,Sample_data[, -1],439.0670333
56,Sample_data[, -1],439.0881507
13,Sample_data[, -1],439.1033944
73,Sample_data[, -1],439.1245382
57,Sample_data[, -1],439.1397969
82,Sample_data[, -1],439.1609511
64,Sample_data[, -1],439.1762127
43,Sample_data[, -1],439.1973762
31,Sample_data[, -1],439.2337917
18,Sample_data[, -1],441.0463928
22,Sample_data[, -1],441.0675094
31,Sample_data[, -1],441.0827517
67,Sample_data[, -1],441.1038562
77,Sample_data[, -1],441.1190908
71,Sample_data[, -1],441.1402024
53,Sample_data[, -1],441.1554433
38,Sample_data[, -1],441.1765668
18,Sample_data[, -1],441.1918177
41,Sample_data[, -1],441.2129616
43,Sample_data[, -1],441.2282282
21,Sample_data[, -1],443.0255637
40,Sample_data[, -1],443.0619966
15,Sample_data[, -1],443.0831432
37,Sample_data[, -1],443.0984148
33,Sample_data[, -1],443.1195522
49,Sample_data[, -1],443.1348161
40,Sample_data[, -1],443.1559332
39,Sample_data[, -1],443.171181
31,Sample_data[, -1],443.192289
87,Sample_data[, -1],443.2075258
32,Sample_data[, -1],443.2438705
42,Sample_data[, -1],445.0412476
23,Sample_data[, -1],445.0623488
71,Sample_data[, -1],445.0775975
20,Sample_data[, -1],445.0987051
11,Sample_data[, -1],445.1115633
44,Sample_data[, -1],445.1139682
29,Sample_data[, -1],445.1350968
79,Sample_data[, -1],445.1503681
95,Sample_data[, -1],445.1867907
36,Sample_data[, -1],445.2232118
23,Sample_data[, -1],447.0205062
28,Sample_data[, -1],447.0569369
50,Sample_data[, -1],447.0933486
58,Sample_data[, -1],447.1297244
1,Sample_data[, -1],447.1343767
47,Sample_data[, -1],447.16609
99,Sample_data[, -1],447.202432
34,Sample_data[, -1],447.2387766
6,Sample_data[, -1],448.1738188
23,Sample_data[, -1],449.0362045
70,Sample_data[, -1],449.0725541
89,Sample_data[, -1],449.1089063
66,Sample_data[, -1],449.1452738
103,Sample_data[, -1],449.1816761
79,Sample_data[, -1],449.2180963
26,Sample_data[, -1],449.2545185
12,Sample_data[, -1],451.05175
14,Sample_data[, -1],451.067013
65,Sample_data[, -1],451.0881599
55,Sample_data[, -1],451.103428
85,Sample_data[, -1],451.1245925
59,Sample_data[, -1],451.1610199
36,Sample_data[, -1],451.1974232
37,Sample_data[, -1],451.2338006
1,Sample_data[, -1],451.3289406
18,Sample_data[, -1],453.0463386
26,Sample_data[, -1],453.0674907
20,Sample_data[, -1],453.082764
45,Sample_data[, -1],453.1039057
59,Sample_data[, -1],453.1402958
52,Sample_data[, -1],453.1766582
76,Sample_data[, -1],453.2130048
33,Sample_data[, -1],453.2493513
21,Sample_data[, -1],455.0620534
22,Sample_data[, -1],455.0831811
27,Sample_data[, -1],455.0984361
41,Sample_data[, -1],455.1195493
32,Sample_data[, -1],455.1347976
55,Sample_data[, -1],455.1559001
83,Sample_data[, -1],455.1711344
57,Sample_data[, -1],455.1922379
37,Sample_data[, -1],455.2074815
19,Sample_data[, -1],455.2286026
6,Sample_data[, -1],455.2438491
22,Sample_data[, -1],457.0412994
15,Sample_data[, -1],457.0624288
34,Sample_data[, -1],457.0776888
30,Sample_data[, -1],457.0988052
36,Sample_data[, -1],457.1140543
50,Sample_data[, -1],457.1351582
93,Sample_data[, -1],457.150407
59,Sample_data[, -1],457.1715102
72,Sample_data[, -1],457.1867623
41,Sample_data[, -1],457.2078804
51,Sample_data[, -1],457.2231382
32,Sample_data[, -1],457.2595304
23,Sample_data[, -1],459.056965
38,Sample_data[, -1],459.0933506
39,Sample_data[, -1],459.129708
43,Sample_data[, -1],459.150809
101,Sample_data[, -1],459.1660508
63,Sample_data[, -1],459.2024012
16,Sample_data[, -1],459.2387706
21,Sample_data[, -1],461.0361921
36,Sample_data[, -1],461.0726038
45,Sample_data[, -1],461.1090013
63,Sample_data[, -1],461.1453754
52,Sample_data[, -1],461.1817269
80,Sample_data[, -1],461.2180748
30,Sample_data[, -1],461.2544309
44,Sample_data[, -1],463.0517993
39,Sample_data[, -1],463.0882231
55,Sample_data[, -1],463.1246399
57,Sample_data[, -1],463.1610362
47,Sample_data[, -1],463.1974126
30,Sample_data[, -1],463.2337704
36,Sample_data[, -1],463.2701139
21,Sample_data[, -1],465.0310486
26,Sample_data[, -1],465.0462933
27,Sample_data[, -1],465.0674083
13,Sample_data[, -1],465.0826635
37,Sample_data[, -1],465.1037948
33,Sample_data[, -1],465.1190586
86,Sample_data[, -1],465.1402097
61,Sample_data[, -1],465.1766346
47,Sample_data[, -1],465.2130563
16,Sample_data[, -1],465.2494641
14,Sample_data[, -1],467.0467895
20,Sample_data[, -1],467.0620366
31,Sample_data[, -1],467.0831422
20,Sample_data[, -1],467.0983918
74,Sample_data[, -1],467.1194954
65,Sample_data[, -1],467.1347323
84,Sample_data[, -1],467.1558491
50,Sample_data[, -1],467.1710969
50,Sample_data[, -1],467.1922222
34,Sample_data[, -1],467.2074835
55,Sample_data[, -1],467.228625
24,Sample_data[, -1],469.0412352
32,Sample_data[, -1],469.0623855
28,Sample_data[, -1],469.0776657
27,Sample_data[, -1],469.0988094
32,Sample_data[, -1],469.1140791
39,Sample_data[, -1],469.1352156
24,Sample_data[, -1],469.1504809
32,Sample_data[, -1],469.1716038
28,Sample_data[, -1],469.186859
42,Sample_data[, -1],469.2079726
21,Sample_data[, -1],471.0569204
41,Sample_data[, -1],471.0780173
62,Sample_data[, -1],471.0932648
46,Sample_data[, -1],471.1143718
58,Sample_data[, -1],471.1296249
16,Sample_data[, -1],471.1507376
37,Sample_data[, -1],471.1660033
44,Sample_data[, -1],471.1871401
66,Sample_data[, -1],471.2024119
53,Sample_data[, -1],471.2388384
26,Sample_data[, -1],473.0361579
35,Sample_data[, -1],473.0725743
54,Sample_data[, -1],473.1089915
51,Sample_data[, -1],473.1453882
30,Sample_data[, -1],473.1665096
51,Sample_data[, -1],473.1817693
43,Sample_data[, -1],473.2181342
50,Sample_data[, -1],473.2544873
25,Sample_data[, -1],475.0518877
37,Sample_data[, -1],475.088246
74,Sample_data[, -1],475.1245912
86,Sample_data[, -1],475.1609411
40,Sample_data[, -1],475.1973041
36,Sample_data[, -1],475.2336946
31,Sample_data[, -1],475.2701047
19,Sample_data[, -1],477.0310565
38,Sample_data[, -1],477.0674169
54,Sample_data[, -1],477.1038023
87,Sample_data[, -1],477.1402095
82,Sample_data[, -1],477.1766282
53,Sample_data[, -1],477.2130471
27,Sample_data[, -1],477.2494577
28,Sample_data[, -1],479.0466993
26,Sample_data[, -1],479.0619687
64,Sample_data[, -1],479.0831119
19,Sample_data[, -1],479.0983916
38,Sample_data[, -1],479.1195288
59,Sample_data[, -1],479.1559401
62,Sample_data[, -1],479.1923312
41,Sample_data[, -1],479.2287112
24,Sample_data[, -1],479.2650779
23,Sample_data[, -1],481.0624294
17,Sample_data[, -1],481.077705
38,Sample_data[, -1],481.0988297
41,Sample_data[, -1],481.1352188
51,Sample_data[, -1],481.1715913
43,Sample_data[, -1],481.2079508
53,Sample_data[, -1],481.2442977
20,Sample_data[, -1],483.0569659
18,Sample_data[, -1],483.0781054
14,Sample_data[, -1],483.093366
38,Sample_data[, -1],483.1144793
39,Sample_data[, -1],483.1297313
39,Sample_data[, -1],483.1508492
32,Sample_data[, -1],483.1660957
58,Sample_data[, -1],483.1872019
68,Sample_data[, -1],483.2024438
53,Sample_data[, -1],483.2235508
45,Sample_data[, -1],483.2387932
10,Sample_data[, -1],485.0726357
16,Sample_data[, -1],485.0937539
27,Sample_data[, -1],485.1090116
34,Sample_data[, -1],485.1301215
51,Sample_data[, -1],485.1453841
41,Sample_data[, -1],485.1664745
42,Sample_data[, -1],485.1817252
47,Sample_data[, -1],485.2028237
59,Sample_data[, -1],485.218065
25,Sample_data[, -1],485.2544274
15,Sample_data[, -1],487.0518831
33,Sample_data[, -1],487.0882729
46,Sample_data[, -1],487.1246441
45,Sample_data[, -1],487.1610093
77,Sample_data[, -1],487.1973621
64,Sample_data[, -1],487.233712
42,Sample_data[, -1],487.2701011
26,Sample_data[, -1],489.0675298
39,Sample_data[, -1],489.103923
47,Sample_data[, -1],489.1403058
55,Sample_data[, -1],489.1766655
65,Sample_data[, -1],489.2130209
53,Sample_data[, -1],489.249365
15,Sample_data[, -1],489.2857298
37,Sample_data[, -1],491.0831625
58,Sample_data[, -1],491.1195619
40,Sample_data[, -1],491.1559594
42,Sample_data[, -1],491.1923396
55,Sample_data[, -1],491.2287021
26,Sample_data[, -1],491.2650574
26,Sample_data[, -1],493.062327
31,Sample_data[, -1],493.0775958
63,Sample_data[, -1],493.098737
43,Sample_data[, -1],493.1351678
68,Sample_data[, -1],493.171582
30,Sample_data[, -1],493.2079908
10,Sample_data[, -1],493.2443873
40,Sample_data[, -1],495.0780195
50,Sample_data[, -1],495.1143675
42,Sample_data[, -1],495.1296243
45,Sample_data[, -1],495.1507504
40,Sample_data[, -1],495.1660095
76,Sample_data[, -1],495.1871493
59,Sample_data[, -1],495.2235625
20,Sample_data[, -1],495.2599856
28,Sample_data[, -1],497.0937211
38,Sample_data[, -1],497.1301166
31,Sample_data[, -1],497.1453701
49,Sample_data[, -1],497.1664801
41,Sample_data[, -1],497.1817194
62,Sample_data[, -1],497.2028328
51,Sample_data[, -1],497.2180751
45,Sample_data[, -1],497.239197
27,Sample_data[, -1],499.0517756
25,Sample_data[, -1],499.1093454
36,Sample_data[, -1],499.124606
29,Sample_data[, -1],499.1457484
46,Sample_data[, -1],499.1610226
38,Sample_data[, -1],499.1821514
46,Sample_data[, -1],499.1974193
34,Sample_data[, -1],499.2338078
19,Sample_data[, -1],499.2701881
24,Sample_data[, -1],501.067516
38,Sample_data[, -1],501.1038716
68,Sample_data[, -1],501.1402234
79,Sample_data[, -1],501.1765904
72,Sample_data[, -1],501.2129685
49,Sample_data[, -1],501.2493685
33,Sample_data[, -1],501.2857613
31,Sample_data[, -1],503.0831318
43,Sample_data[, -1],503.1195427
55,Sample_data[, -1],503.1559452
39,Sample_data[, -1],503.1923403
42,Sample_data[, -1],503.2287224
31,Sample_data[, -1],503.2650964
25,Sample_data[, -1],505.0624286
36,Sample_data[, -1],505.098796
74,Sample_data[, -1],505.1715067
70,Sample_data[, -1],505.2078812
58,Sample_data[, -1],505.2442711
37,Sample_data[, -1],505.280674
38,Sample_data[, -1],507.0780049
56,Sample_data[, -1],507.114403
46,Sample_data[, -1],507.1508251
59,Sample_data[, -1],507.1872306
54,Sample_data[, -1],507.2236323
21,Sample_data[, -1],507.2600305
16,Sample_data[, -1],509.0937587
39,Sample_data[, -1],509.1301357
49,Sample_data[, -1],509.1665163
50,Sample_data[, -1],509.2028762
56,Sample_data[, -1],509.2392325
30,Sample_data[, -1],509.2755866
30,Sample_data[, -1],511.0882294
47,Sample_data[, -1],511.1093241
30,Sample_data[, -1],511.1246187
62,Sample_data[, -1],511.1456836
55,Sample_data[, -1],511.160935
54,Sample_data[, -1],511.1820574
45,Sample_data[, -1],511.1973092
35,Sample_data[, -1],511.2184363
20,Sample_data[, -1],513.0674186
26,Sample_data[, -1],513.0885477
57,Sample_data[, -1],513.1038114
42,Sample_data[, -1],513.124947
53,Sample_data[, -1],513.1402216
40,Sample_data[, -1],513.1613585
53,Sample_data[, -1],513.1766317
37,Sample_data[, -1],513.197775
41,Sample_data[, -1],513.2130477
36,Sample_data[, -1],513.2494571
23,Sample_data[, -1],515.0831218
37,Sample_data[, -1],515.1195477
45,Sample_data[, -1],515.1559563
5,Sample_data[, -1],515.1923548
5,Sample_data[, -1],515.2287442
8,Sample_data[, -1],515.2651218
27,Sample_data[, -1],517.0624209
16,Sample_data[, -1],517.098847
8,Sample_data[, -1],517.1352451
9,Sample_data[, -1],517.1716188
45,Sample_data[, -1],517.2443604
14,Sample_data[, -1],517.2807205
11,Sample_data[, -1],519.0781123
17,Sample_data[, -1],519.1144974
17,Sample_data[, -1],519.1508798
55,Sample_data[, -1],519.1872496
60,Sample_data[, -1],519.2236094
43,Sample_data[, -1],519.2599608
18,Sample_data[, -1],519.2963032
4,Sample_data[, -1],519.3439088
25,Sample_data[, -1],521.0937575
49,Sample_data[, -1],521.1301352
63,Sample_data[, -1],521.1665093
59,Sample_data[, -1],521.2028727
55,Sample_data[, -1],521.2392264
30,Sample_data[, -1],521.2755826
32,Sample_data[, -1],523.1093993
41,Sample_data[, -1],523.1457801
50,Sample_data[, -1],523.1821456
48,Sample_data[, -1],523.218502
49,Sample_data[, -1],523.2548579
31,Sample_data[, -1],525.1250512
8,Sample_data[, -1],525.1403266
40,Sample_data[, -1],525.1614314
30,Sample_data[, -1],525.1766915
45,Sample_data[, -1],525.1978054
31,Sample_data[, -1],525.213051
36,Sample_data[, -1],525.2341683
34,Sample_data[, -1],525.2494103
25,Sample_data[, -1],527.0831692
32,Sample_data[, -1],527.1195722
33,Sample_data[, -1],527.1406913
38,Sample_data[, -1],527.1559537
30,Sample_data[, -1],527.1770816
37,Sample_data[, -1],527.1923399
32,Sample_data[, -1],527.2134601
44,Sample_data[, -1],527.2287134
27,Sample_data[, -1],527.2650814
20,Sample_data[, -1],529.0623939
40,Sample_data[, -1],529.1352078
40,Sample_data[, -1],529.1716047
32,Sample_data[, -1],529.2079933
30,Sample_data[, -1],529.2443774
23,Sample_data[, -1],529.2807569
31,Sample_data[, -1],531.078001
48,Sample_data[, -1],531.1144027
63,Sample_data[, -1],531.1508017
54,Sample_data[, -1],531.1872117
53,Sample_data[, -1],531.223617
43,Sample_data[, -1],531.2600143
14,Sample_data[, -1],531.2964152
33,Sample_data[, -1],533.0936829
39,Sample_data[, -1],533.1300715
62,Sample_data[, -1],533.1664284
80,Sample_data[, -1],533.2028136
66,Sample_data[, -1],533.239213
33,Sample_data[, -1],533.2756193
38,Sample_data[, -1],535.1093956
54,Sample_data[, -1],535.1457619
53,Sample_data[, -1],535.1821371
63,Sample_data[, -1],535.2184969
48,Sample_data[, -1],535.2548624
40,Sample_data[, -1],535.2912445
29,Sample_data[, -1],537.1250102
52,Sample_data[, -1],537.1614158
48,Sample_data[, -1],537.1978132
33,Sample_data[, -1],537.2342041
24,Sample_data[, -1],537.2705897
32,Sample_data[, -1],539.1042325
36,Sample_data[, -1],539.1194818
47,Sample_data[, -1],539.1405931
36,Sample_data[, -1],539.1558598
45,Sample_data[, -1],539.1769883
46,Sample_data[, -1],539.1922491
54,Sample_data[, -1],539.2133852
45,Sample_data[, -1],539.2286501
39,Sample_data[, -1],539.2497902
31,Sample_data[, -1],541.1563426
50,Sample_data[, -1],541.1715895
44,Sample_data[, -1],541.1927099
42,Sample_data[, -1],541.2079644
32,Sample_data[, -1],541.2290838
32,Sample_data[, -1],541.2443272
32,Sample_data[, -1],543.0779837
48,Sample_data[, -1],543.1143784
57,Sample_data[, -1],543.1507976
55,Sample_data[, -1],543.1872003
40,Sample_data[, -1],543.2236146
42,Sample_data[, -1],543.2600143
45,Sample_data[, -1],545.1301056
42,Sample_data[, -1],545.1664791
54,Sample_data[, -1],545.202842
69,Sample_data[, -1],545.2392068
42,Sample_data[, -1],545.2755745
20,Sample_data[, -1],547.072925
33,Sample_data[, -1],547.1093263
48,Sample_data[, -1],547.1457228
57,Sample_data[, -1],547.1821422
53,Sample_data[, -1],547.2185441
39,Sample_data[, -1],547.2549363
17,Sample_data[, -1],547.2913306
57,Sample_data[, -1],549.1614206
59,Sample_data[, -1],549.1977909
48,Sample_data[, -1],549.2341613
37,Sample_data[, -1],549.2705242
21,Sample_data[, -1],549.3068755
29,Sample_data[, -1],551.1042216
43,Sample_data[, -1],551.1406038
42,Sample_data[, -1],551.1770008
53,Sample_data[, -1],551.2134044
31,Sample_data[, -1],551.2498086
21,Sample_data[, -1],551.2862255
27,Sample_data[, -1],553.1352114
39,Sample_data[, -1],553.1563404
34,Sample_data[, -1],553.1715978
44,Sample_data[, -1],553.192727
32,Sample_data[, -1],553.2079838
24,Sample_data[, -1],553.2291207
23,Sample_data[, -1],553.2655042
33,Sample_data[, -1],555.1508291
27,Sample_data[, -1],555.171942
51,Sample_data[, -1],555.1871884
27,Sample_data[, -1],555.2083004
48,Sample_data[, -1],555.2235582
29,Sample_data[, -1],555.2446661
39,Sample_data[, -1],555.2599163
33,Sample_data[, -1],557.0936493
46,Sample_data[, -1],557.1300262
45,Sample_data[, -1],557.1664239
52,Sample_data[, -1],557.2028286
45,Sample_data[, -1],557.2392385
27,Sample_data[, -1],557.2756462
32,Sample_data[, -1],559.1093655
46,Sample_data[, -1],559.1457653
50,Sample_data[, -1],559.1821582
44,Sample_data[, -1],559.2185527
40,Sample_data[, -1],559.2549363
18,Sample_data[, -1],559.2913251
23,Sample_data[, -1],561.0886489
33,Sample_data[, -1],561.1250421
60,Sample_data[, -1],561.1614273
61,Sample_data[, -1],561.197812
58,Sample_data[, -1],561.2341903
45,Sample_data[, -1],561.2705652
29,Sample_data[, -1],563.1043083
39,Sample_data[, -1],563.1406788
48,Sample_data[, -1],563.1770471
59,Sample_data[, -1],563.2134173
62,Sample_data[, -1],563.2497815
31,Sample_data[, -1],563.2861518
30,Sample_data[, -1],565.1198969
43,Sample_data[, -1],565.1562579
47,Sample_data[, -1],565.1926352
51,Sample_data[, -1],565.2290203
37,Sample_data[, -1],565.2654153
25,Sample_data[, -1],567.1507815
29,Sample_data[, -1],567.1719097
38,Sample_data[, -1],567.2083092
35,Sample_data[, -1],567.2447209
25,Sample_data[, -1],567.281122
25,Sample_data[, -1],569.1300461
39,Sample_data[, -1],569.1664446
30,Sample_data[, -1],569.1875841
34,Sample_data[, -1],569.2239905
24,Sample_data[, -1],569.2392492
40,Sample_data[, -1],571.1457256
51,Sample_data[, -1],571.1821061
39,Sample_data[, -1],571.2185094
39,Sample_data[, -1],571.254921
22,Sample_data[, -1],571.2913098
2,Sample_data[, -1],572.2613811
30,Sample_data[, -1],573.1249744
49,Sample_data[, -1],573.1613807
39,Sample_data[, -1],573.1977788
59,Sample_data[, -1],573.2341805
40,Sample_data[, -1],573.2705792
30,Sample_data[, -1],575.1406426
40,Sample_data[, -1],575.1770392
61,Sample_data[, -1],575.2134466
40,Sample_data[, -1],575.2498403
30,Sample_data[, -1],575.2862336
40,Sample_data[, -1],577.1562725
59,Sample_data[, -1],577.1926757
54,Sample_data[, -1],577.2290809
36,Sample_data[, -1],577.2654797
42,Sample_data[, -1],579.1718892
54,Sample_data[, -1],579.2082931
52,Sample_data[, -1],579.244702
28,Sample_data[, -1],579.281107
40,Sample_data[, -1],581.1875364
42,Sample_data[, -1],581.223934
32,Sample_data[, -1],581.2603297
34,Sample_data[, -1],583.2032227
40,Sample_data[, -1],583.2184731
29,Sample_data[, -1],583.2395984
38,Sample_data[, -1],583.2548542
40,Sample_data[, -1],585.1614116
51,Sample_data[, -1],585.1978009
26,Sample_data[, -1],585.2189168
52,Sample_data[, -1],585.2341746
33,Sample_data[, -1],585.2705355
57,Sample_data[, -1],587.177067
55,Sample_data[, -1],587.2134553
51,Sample_data[, -1],587.2498381
30,Sample_data[, -1],587.2862259
35,Sample_data[, -1],589.1562938
40,Sample_data[, -1],589.1926987
66,Sample_data[, -1],589.2290965
38,Sample_data[, -1],589.265494
35,Sample_data[, -1],591.1718978
51,Sample_data[, -1],591.2082883
45,Sample_data[, -1],591.2446956
39,Sample_data[, -1],591.2810915
41,Sample_data[, -1],593.1875894
47,Sample_data[, -1],593.2239638
33,Sample_data[, -1],593.2603168
32,Sample_data[, -1],595.2032617
42,Sample_data[, -1],595.2396544
30,Sample_data[, -1],595.2760562
33,Sample_data[, -1],597.21887
35,Sample_data[, -1],597.2341371
21,Sample_data[, -1],597.255285
33,Sample_data[, -1],599.1770528
46,Sample_data[, -1],599.2134128
50,Sample_data[, -1],599.2497873
42,Sample_data[, -1],601.2290721
37,Sample_data[, -1],601.2654797
31,Sample_data[, -1],603.1718976
46,Sample_data[, -1],603.2082838
44,Sample_data[, -1],603.2446756
41,Sample_data[, -1],603.2810721
33,Sample_data[, -1],605.1876036
47,Sample_data[, -1],605.223997
36,Sample_data[, -1],605.2603929
23,Sample_data[, -1],605.2967759
31,Sample_data[, -1],607.1668278
33,Sample_data[, -1],607.2032097
47,Sample_data[, -1],607.2396078
39,Sample_data[, -1],607.276005
37,Sample_data[, -1],609.2189093
46,Sample_data[, -1],609.2553113
38,Sample_data[, -1],613.2290679
36,Sample_data[, -1],615.2082841
36,Sample_data[, -1],615.2446758
37,Sample_data[, -1],615.2810807
35,Sample_data[, -1],617.1876076
44,Sample_data[, -1],617.2239801
30,Sample_data[, -1],617.260373
29,Sample_data[, -1],619.2032527
47,Sample_data[, -1],619.2396222
39,Sample_data[, -1],619.2759953
35,Sample_data[, -1],621.218865
45,Sample_data[, -1],621.255266
39,Sample_data[, -1],623.2345406
27,Sample_data[, -1],629.2239573
47,Sample_data[, -1],629.260352
27,Sample_data[, -1],631.2395883
44,Sample_data[, -1],631.2760027
24,Sample_data[, -1],635.2344916
